"Id","Rank"
"1286","1"
"1461","1"
"1631","1"
"1644","1"
"1647","1"
"1650","1"
"1670","1"
"1683","1"
"22038","1"
"22039","1"
"22051","1"
"22052","1"
"24269","1"
"27483","1"
"27486","1"
"27498","1"
"32643","1"
"3729","1"
"3730","1"
"38142","1"
"38145","1"
"38146","1"
"38147","1"
"38155","1"
"38156","1"
"38248","1"
"38330","1"
"38355","1"
"39162","2"
"39342","1"
"39343","1"
"39367","1"
"39558","2"
"39719","1"
"39953","1"
"39992","1"
"39999","1"
"40093","1"
"40168","2"
"40213","1"
"40215","1"
"40217","1"
"40287","1"
"40361","2"
"40497","2"
"40555","1"
"40557","1"
"40565","1"
"40688","1"
"40773","1"
"40796","1"
"40811","1"
"40813","1"
"40815","1"
"40818","1"
"40830","1"
"40835","1"
"40836","1"
"40838","1"
"40846","1"
"40853","1"
"40858","1"
"41156","1"
"41159","1"
"41160","1"
"41169","1"
"41172","1"
"41309","2"
"41543","1"
"42351","1"
"42384","2"
"42390","2"
"446","2"
"543","1"
"885","1"
